Journal name,JCR Abbreviation,ISSN,eISSN,Category,Total Citations,2022 JIF,JIF Quartile,2022 JCI,% of OA Gold
MOLECULAR PLANT,MOL PLANT,1674-2052,1752-9867,PLANT SCIENCES - SCIE,24114,27.5,1,4.32,24.85
ANNUAL REVIEW OF PLANT BIOLOGY,ANNU REV PLANT BIOL,1543-5008,1545-2123,PLANT SCIENCES - SCIE,25199,23.9,1,2.59,1.14
TRENDS IN PLANT SCIENCE,TRENDS PLANT SCI,1360-1385,1878-4372,PLANT SCIENCES - SCIE,32959,20.5,1,1.77,22.13
NATURE PLANTS,NAT PLANTS,2055-026X,2055-0278,PLANT SCIENCES - SCIE,15172,18,1,4.56,12.35
PLANT BIOTECHNOLOGY JOURNAL,PLANT BIOTECHNOL J,1467-7644,1467-7652,PLANT SCIENCES - SCIE,18869,13.8,1,2.46,69.93
PLANT CELL,PLANT CELL,1040-4651,1532-298X,PLANT SCIENCES - SCIE,68851,11.6,1,2.26,41.18
JOURNAL OF INTEGRATIVE PLANT BIOLOGY,J INTEGR PLANT BIOL,1672-9072,1744-7909,PLANT SCIENCES - SCIE,10416,11.4,1,1.87,19.82
PLANT COMMUNICATIONS,PLANT COMMUN,2590-3462,2590-3462,PLANT SCIENCES - SCIE,1497,10.5,1,1.8,95.31
ANNUAL REVIEW OF PHYTOPATHOLOGY,ANNU REV PHYTOPATHOL,0066-4286,1545-2107,PLANT SCIENCES - SCIE,10292,10.2,1,1.01,0.00
CURRENT OPINION IN PLANT BIOLOGY,CURR OPIN PLANT BIOL,1369-5266,1879-0356,PLANT SCIENCES - SCIE,18673,9.5,1,0.96,24.23
NEW PHYTOLOGIST,NEW PHYTOL,0028-646X,1469-8137,PLANT SCIENCES - SCIE,85431,9.4,1,2.14,28.14
HORTICULTURE RESEARCH,HORTIC RES-ENGLAND,2662-6810,2052-7276,PLANT SCIENCES - SCIE,7792,8.7,1,2.22,92.76
PHYTOMEDICINE,PHYTOMEDICINE,0944-7113,1618-095X,PLANT SCIENCES - SCIE,20568,7.9,1,2.05,11.47
PHYTOCHEMISTRY REVIEWS,PHYTOCHEM REV,1568-7767,1572-980X,PLANT SCIENCES - SCIE,5449,7.7,1,1.37,22.34
PLANT PHYSIOLOGY,PLANT PHYSIOL,0032-0889,1532-2548,PLANT SCIENCES - SCIE,104558,7.4,1,2.02,46.11
PLANT CELL AND ENVIRONMENT,PLANT CELL ENVIRON,0140-7791,1365-3040,PLANT SCIENCES - SCIE,33059,7.3,1,1.79,23.90
PLANT JOURNAL,PLANT J,0960-7412,1365-313X,PLANT SCIENCES - SCIE,60885,7.2,1,1.84,20.93
CRITICAL REVIEWS IN PLANT SCIENCES,CRIT REV PLANT SCI,0735-2689,1549-7836,PLANT SCIENCES - SCIE,4640,6.9,1,0.61,15.52
JOURNAL OF EXPERIMENTAL BOTANY,J EXP BOT,0022-0957,1460-2431,PLANT SCIENCES - SCIE,68237,6.9,1,1.49,36.15
CROP JOURNAL,CROP J,2095-5421,2214-5141,PLANT SCIENCES - SCIE,4496,6.6,1,1.67,93.41
PLANT PHENOMICS,PLANT PHENOMICS,2643-6515,2643-6515,PLANT SCIENCES - SCIE,642,6.5,1,1.59,90.00
PLANT PHYSIOLOGY AND BIOCHEMISTRY,PLANT PHYSIOL BIOCH,0981-9428,1873-2690,PLANT SCIENCES - SCIE,28231,6.5,1,1.58,5.26
PHYSIOLOGIA PLANTARUM,PHYSIOL PLANTARUM,0031-9317,1399-3054,PLANT SCIENCES - SCIE,20604,6.4,1,1.53,11.38
PLANT CELL REPORTS,PLANT CELL REP,0721-7714,1432-203X,PLANT SCIENCES - SCIE,12948,6.2,1,1.18,8.35
ENVIRONMENTAL AND EXPERIMENTAL BOTANY,ENVIRON EXP BOT,0098-8472,1873-7307,PLANT SCIENCES - SCIE,18946,5.7,1,1.25,6.88
HORTICULTURAL PLANT JOURNAL,HORTIC PLANT J,2095-9885,2468-0141,PLANT SCIENCES - SCIE,1348,5.7,1,1.42,99.42
FRONTIERS IN PLANT SCIENCE,FRONT PLANT SCI,1664-462X,1664-462X,PLANT SCIENCES - SCIE,115049,5.6,1,1.24,99.42
JOURNAL OF ECOLOGY,J ECOL,0022-0477,1365-2745,PLANT SCIENCES - SCIE,24903,5.5,1,1.46,29.80
CURRENT PLANT BIOLOGY,CURR PLANT BIOL,N/A,2214-6628,PLANT SCIENCES - ESCI,870,5.4,N/A,1.06,96.33
JOURNAL OF ETHNOPHARMACOLOGY,J ETHNOPHARMACOL,0378-8741,1872-7573,PLANT SCIENCES - SCIE,55776,5.4,1,1.45,6.04
THEORETICAL AND APPLIED GENETICS,THEOR APPL GENET,0040-5752,1432-2242,PLANT SCIENCES - SCIE,25634,5.4,1,1.42,28.85
BMC PLANT BIOLOGY,BMC PLANT BIOL,1471-2229,1471-2229,PLANT SCIENCES - SCIE,27513,5.3,1,1.36,99.72
PLANT SCIENCE,PLANT SCI,0168-9452,1873-2259,PLANT SCIENCES - SCIE,23609,5.2,1,1.11,7.52
JOURNAL OF NATURAL PRODUCTS,J NAT PROD,0163-3864,1520-6025,PLANT SCIENCES - SCIE,32149,5.1,1,1.18,5.99
PLANT METHODS,PLANT METHODS,N/A,1746-4811,PLANT SCIENCES - SCIE,6541,5.1,1,1.32,99.05
PLANT MOLECULAR BIOLOGY,PLANT MOL BIOL,0167-4412,1573-5028,PLANT SCIENCES - SCIE,18290,5.1,1,1.03,14.40
PLANTS PEOPLE PLANET,PLANTS PEOPLE PLANET,N/A,2572-2611,PLANT SCIENCES - SCIE,980,5.1,1,1.13,88.64
PLANT STRESS,PLANT STRESS,2667-064X,2667-064X,PLANT SCIENCES - ESCI,384,5,N/A,1.13,94.74
MOLECULAR PLANT PATHOLOGY,MOL PLANT PATHOL,1464-6722,1364-3703,PLANT SCIENCES - SCIE,10863,4.9,1,1.22,65.63
PLANT AND CELL PHYSIOLOGY,PLANT CELL PHYSIOL,0032-0781,1471-9053,PLANT SCIENCES - SCIE,23467,4.9,1,0.92,16.73
PLANT AND SOIL,PLANT SOIL,0032-079X,1573-5036,PLANT SCIENCES - SCIE,47131,4.9,1,1.26,19.34
JOURNAL OF PLANT GROWTH REGULATION,J PLANT GROWTH REGUL,0721-7595,1435-8107,PLANT SCIENCES - SCIE,8248,4.8,1,1.16,6.13
PLANT DIVERSITY,PLANT DIVERSITY,2096-2703,2468-2659,PLANT SCIENCES - SCIE,1221,4.8,1,1.11,92.94
RICE SCIENCE,RICE SCI,1672-6308,1876-4762,PLANT SCIENCES - SCIE,2116,4.8,1,1.03,97.74
PLANT DISEASE,PLANT DIS,0191-2917,1943-7692,PLANT SCIENCES - SCIE,25483,4.5,1,0.81,70.83
PLANTS-BASEL,PLANTS-BASEL,N/A,2223-7747,PLANT SCIENCES - SCIE,30404,4.5,1,1.04,99.55
PHYTOBIOMES JOURNAL,PHYTOBIOMES J,N/A,2471-2906,PLANT SCIENCES - SCIE,743,4.4,1,1.1,99.07
JOURNAL OF PLANT PHYSIOLOGY,J PLANT PHYSIOL,0176-1617,1618-1328,PLANT SCIENCES - SCIE,17676,4.3,1,1,8.10
PLANTA,PLANTA,0032-0935,1432-2048,PLANT SCIENCES - SCIE,24849,4.3,1,0.98,17.48
ANNALS OF BOTANY,ANN BOT-LONDON,0305-7364,1095-8290,PLANT SCIENCES - SCIE,26622,4.2,1,1.18,18.54
PLANT GENOME,PLANT GENOME-US,N/A,1940-3372,PLANT SCIENCES - SCIE,3117,4.2,1,1.09,81.75
PLANT GROWTH REGULATION,PLANT GROWTH REGUL,0167-6903,1573-5087,PLANT SCIENCES - SCIE,8192,4.2,1,0.8,7.30
BOTANICAL REVIEW,BOT REV,0006-8101,1874-9372,PLANT SCIENCES - SCIE,3015,4,1,0.74,11.29
PLANT FOODS FOR HUMAN NUTRITION,PLANT FOOD HUM NUTR,0921-9668,1573-9104,PLANT SCIENCES - SCIE,4945,4,1,0.76,9.51
GM CROPS & FOOD-BIOTECHNOLOGY IN AGRICULTURE AND THE FOOD CHAIN,GM CROPS FOOD,2164-5698,2164-5701,PLANT SCIENCES - SCIE,718,3.9,1,0.86,86.67
JOURNAL OF APPLIED RESEARCH ON MEDICINAL AND AROMATIC PLANTS,J APPL RES MED AROMA,N/A,2214-7861,PLANT SCIENCES - SCIE,1426,3.9,1,0.98,2.48
JOURNAL OF SOIL SCIENCE AND PLANT NUTRITION,J SOIL SCI PLANT NUT,0718-9508,0718-9516,PLANT SCIENCES - SCIE,5607,3.9,1,0.81,6.73
MYCORRHIZA,MYCORRHIZA,0940-6360,1432-1890,PLANT SCIENCES - SCIE,4917,3.9,1,1.01,22.22
PLANT BIOLOGY,PLANT BIOLOGY,1435-8603,1438-8677,PLANT SCIENCES - SCIE,7474,3.9,1,0.85,10.09
PHARMACEUTICAL BIOLOGY,PHARM BIOL,1388-0209,1744-5116,PLANT SCIENCES - SCIE,10347,3.8,1,1.11,95.64
PHYTOCHEMISTRY,PHYTOCHEMISTRY,0031-9422,1873-3700,PLANT SCIENCES - SCIE,35432,3.8,1,0.84,4.61
AGRONOMY-BASEL,AGRONOMY-BASEL,N/A,2073-4395,PLANT SCIENCES - SCIE,27200,3.7,2,1.04,99.37
JOURNAL OF SYSTEMATICS AND EVOLUTION,J SYST EVOL,1674-4918,1759-6831,PLANT SCIENCES - SCIE,2788,3.7,2,1.03,11.92
PHOTOSYNTHESIS RESEARCH,PHOTOSYNTH RES,0166-8595,1573-5079,PLANT SCIENCES - SCIE,8275,3.7,2,1.01,22.59
RHIZOSPHERE,RHIZOSPHERE-NETH,N/A,2452-2198,PLANT SCIENCES - SCIE,1800,3.7,2,1.01,3.78
ABIOTECH,ABIOTECH,2096-6326,2662-1738,PLANT SCIENCES - ESCI,221,3.6,N/A,0.5,33.33
APPLICATIONS IN PLANT SCIENCES,APPL PLANT SCI,2168-0450,2168-0450,PLANT SCIENCES - SCIE,1610,3.6,2,0.73,73.57
JOURNAL OF ETHNOBIOLOGY AND ETHNOMEDICINE,J ETHNOBIOL ETHNOMED,N/A,1746-4269,PLANT SCIENCES - SCIE,4222,3.6,2,0.86,99.53
PERSPECTIVES IN PLANT ECOLOGY EVOLUTION AND SYSTEMATICS,PERSPECT PLANT ECOL,1433-8319,1433-8319,PLANT SCIENCES - SCIE,2704,3.6,2,0.83,11.76
MOLECULAR PLANT-MICROBE INTERACTIONS,MOL PLANT MICROBE IN,0894-0282,1943-7706,PLANT SCIENCES - SCIE,13589,3.5,2,0.78,98.85
PHYSIOLOGY AND MOLECULAR BIOLOGY OF PLANTS,PHYSIOL MOL BIOL PLA,0971-5894,0974-0430,PLANT SCIENCES - SCIE,4132,3.5,2,0.82,3.51
BOTANICAL STUDIES,BOT STUD,N/A,1999-3110,PLANT SCIENCES - SCIE,1555,3.4,2,0.69,100.00
PHYTOPATHOLOGY RESEARCH,PHYTOPATHOL RES,2096-5362,2524-4167,PLANT SCIENCES - SCIE,413,3.4,2,0.74,100.00
PLANT REPRODUCTION,PLANT REPROD,2194-7953,2194-7961,PLANT SCIENCES - SCIE,826,3.4,2,0.88,42.86
PRESLIA,PRESLIA,0032-7786,2570-950X,PLANT SCIENCES - SCIE,1131,3.4,2,0.98,97.73
TAXON,TAXON,0040-0262,1996-8175,PLANT SCIENCES - SCIE,5948,3.4,2,0.6,17.52
PHYTOCHEMICAL ANALYSIS,PHYTOCHEM ANALYSIS,0958-0344,1099-1565,PLANT SCIENCES - SCIE,3863,3.3,2,0.76,6.13
ALGAE,ALGAE-SEOUL,1226-2617,2093-0860,PLANT SCIENCES - SCIE,1053,3.2,2,0.73,100.00
JOURNAL OF PLANT INTERACTIONS,J PLANT INTERACT,1742-9145,1742-9153,PLANT SCIENCES - SCIE,2797,3.2,2,0.89,97.73
PHYTOPATHOLOGY,PHYTOPATHOLOGY,0031-949X,1943-7684,PLANT SCIENCES - SCIE,19296,3.2,2,0.96,63.27
IN SILICO PLANTS,IN SILICO PLANTS,N/A,2517-5025,PLANT SCIENCES - ESCI,207,3.1,N/A,0.82,95.52
MOLECULAR BREEDING,MOL BREEDING,1380-3743,1572-9788,PLANT SCIENCES - SCIE,7105,3.1,2,0.88,10.00
SOUTH AFRICAN JOURNAL OF BOTANY,S AFR J BOT,0254-6299,1727-9321,PLANT SCIENCES - SCIE,10683,3.1,2,0.81,32.00
AMERICAN JOURNAL OF BOTANY,AM J BOT,0002-9122,1537-2197,PLANT SCIENCES - SCIE,18561,3,2,0.82,28.57
FUNCTIONAL PLANT BIOLOGY,FUNCT PLANT BIOL,1445-4408,1445-4416,PLANT SCIENCES - SCIE,7302,3,2,0.73,13.07
PLANT CELL TISSUE AND ORGAN CULTURE,PLANT CELL TISS ORG,0167-6857,1573-5044,PLANT SCIENCES - SCIE,9591,3,2,0.66,9.50
PLANT DIRECT,PLANT DIRECT,N/A,2475-4455,PLANT SCIENCES - SCIE,1252,3,2,0.88,65.09
AOB PLANTS,AOB PLANTS,2041-2851,2041-2851,PLANT SCIENCES - SCIE,2914,2.9,2,0.75,95.69
JOURNAL OF PHYCOLOGY,J PHYCOL,0022-3646,1529-8817,PLANT SCIENCES - SCIE,9713,2.9,2,0.89,13.03
JOURNAL OF PLANT BIOLOGY,J PLANT BIOL,1226-9239,1867-0725,PLANT SCIENCES - SCIE,2035,2.9,2,0.63,3.36
PLANT SIGNALING & BEHAVIOR,PLANT SIGNAL BEHAV,1559-2316,1559-2324,PLANT SCIENCES - SCIE,11085,2.9,2,0.51,32.37
PROTOPLASMA,PROTOPLASMA,0033-183X,1615-6102,PLANT SCIENCES - SCIE,6495,2.9,2,0.59,12.14
APPLIED VEGETATION SCIENCE,APPL VEG SCI,1402-2001,1654-109X,PLANT SCIENCES - SCIE,2787,2.8,2,0.85,21.37
JOURNAL OF PLANT RESEARCH,J PLANT RES,0918-9440,1618-0860,PLANT SCIENCES - SCIE,3991,2.8,2,0.8,18.38
JOURNAL OF VEGETATION SCIENCE,J VEG SCI,1100-9233,1654-1103,PLANT SCIENCES - SCIE,9139,2.8,2,0.89,18.37
ALPINE BOTANY,ALPINE BOT,1664-2201,1664-221X,PLANT SCIENCES - SCIE,550,2.7,2,0.75,40.32
JOURNAL OF PLANT ECOLOGY,J PLANT ECOL,1752-9921,1752-993X,PLANT SCIENCES - SCIE,2964,2.7,2,0.65,36.59
PHOTOSYNTHETICA,PHOTOSYNTHETICA,0300-3604,1573-9058,PLANT SCIENCES - SCIE,5223,2.7,2,0.65,98.76
PHYSIOLOGICAL AND MOLECULAR PLANT PATHOLOGY,PHYSIOL MOL PLANT P,0885-5765,0885-5765,PLANT SCIENCES - SCIE,3864,2.7,2,0.75,3.63
PLANT PATHOLOGY,PLANT PATHOL,0032-0862,1365-3059,PLANT SCIENCES - SCIE,9030,2.7,2,0.71,15.51
PLANTA MEDICA,PLANTA MED,0032-0943,1439-0221,PLANT SCIENCES - SCIE,15014,2.7,2,0.68,4.63
ACTA PHYSIOLOGIAE PLANTARUM,ACTA PHYSIOL PLANT,0137-5881,1861-1664,PLANT SCIENCES - SCIE,9768,2.6,2,0.69,6.47
ECONOMIC BOTANY,ECON BOT,0013-0001,1874-9364,PLANT SCIENCES - SCIE,3390,2.6,2,0.54,25.00
IN VITRO CELLULAR & DEVELOPMENTAL BIOLOGY-PLANT,IN VITRO CELL DEV-PL,1054-5476,1475-2689,PLANT SCIENCES - SCIE,3544,2.6,2,0.54,8.16
JOURNAL OF COTTON RESEARCH,J COTTON RES,2096-5044,2523-3254,PLANT SCIENCES - ESCI,282,2.6,N/A,0.5,98.80
THEORETICAL AND EXPERIMENTAL PLANT PHYSIOLOGY,THEOR EXP PLANT PHYS,2197-0025,2197-0025,PLANT SCIENCES - SCIE,635,2.6,2,0.61,6.19
JOURNAL OF PLANT NUTRITION AND SOIL SCIENCE,J PLANT NUTR SOIL SC,1436-8730,1522-2624,PLANT SCIENCES - SCIE,5703,2.5,2,0.63,44.55
TROPICAL PLANT PATHOLOGY,TROP PLANT PATHOL,1983-2052,1983-2052,PLANT SCIENCES - SCIE,1405,2.5,2,0.44,4.87
VEGETATION HISTORY AND ARCHAEOBOTANY,VEG HIST ARCHAEOBOT,0939-6314,1617-6278,PLANT SCIENCES - SCIE,2491,2.5,2,0.89,34.38
WEED SCIENCE,WEED SCI,0043-1745,1550-2759,PLANT SCIENCES - SCIE,5828,2.5,2,0.77,37.07
BOTANICAL JOURNAL OF THE LINNEAN SOCIETY,BOT J LINN SOC,0024-4074,1095-8339,PLANT SCIENCES - SCIE,6009,2.4,2,0.7,9.60
BREEDING SCIENCE,BREEDING SCI,1344-7610,1347-3735,PLANT SCIENCES - SCIE,2831,2.4,2,0.52,97.65
EUROPEAN JOURNAL OF PHYCOLOGY,EUR J PHYCOL,0967-0262,1469-4433,PLANT SCIENCES - SCIE,2659,2.4,2,0.79,5.67
JOURNAL OF ESSENTIAL OIL BEARING PLANTS,J ESSENT OIL BEAR PL,0972-060X,0976-5026,PLANT SCIENCES - SCIE,3323,2.4,2,0.6,0.00
PHYTOPATHOLOGIA MEDITERRANEA,PHYTOPATHOL MEDITERR,0031-9465,1593-2095,PLANT SCIENCES - SCIE,2247,2.4,2,0.51,61.24
PLANT BIOTECHNOLOGY REPORTS,PLANT BIOTECHNOL REP,1863-5466,1863-5474,PLANT SCIENCES - SCIE,1503,2.4,2,0.48,4.55
INTERNATIONAL JOURNAL OF PLANT SCIENCES,INT J PLANT SCI,1058-5893,1537-5315,PLANT SCIENCES - SCIE,4141,2.3,2,0.65,10.17
PLANT HEALTH PROGRESS,PLANT HLTH PROG,N/A,1535-1025,PLANT SCIENCES - ESCI,1195,2.3,N/A,0.45,21.83
PLANT PATHOLOGY JOURNAL,PLANT PATHOLOGY J,1598-2254,2093-9280,PLANT SCIENCES - SCIE,2089,2.3,2,0.6,98.46
BOTANICA MARINA,BOT MAR,0006-8055,1437-4323,PLANT SCIENCES - SCIE,2593,2.2,2,0.42,11.81
FOTTEA,FOTTEA,1802-5439,N/A,PLANT SCIENCES - SCIE,572,2.2,2,0.61,98.36
JOURNAL OF PLANT PATHOLOGY,J PLANT PATHOL,1125-4653,2239-7264,PLANT SCIENCES - SCIE,2838,2.2,2,0.37,7.52
ADVANCES IN WEED SCIENCE,ADV WEED SCI,2675-9462,2675-9462,PLANT SCIENCES - SCIE,60,2.1,2,0.53,85.71
CARYOLOGIA,CARYOLOGIA,0008-7114,2165-5391,PLANT SCIENCES - SCIE,1189,2.1,2,0.58,60.67
JOURNAL OF PLANT NUTRITION,J PLANT NUTR,0190-4167,1532-4087,PLANT SCIENCES - SCIE,9172,2.1,2,0.5,1.45
PLANT MOLECULAR BIOLOGY REPORTER,PLANT MOL BIOL REP,0735-9640,1572-9818,PLANT SCIENCES - SCIE,3566,2.1,2,0.47,11.11
SEED SCIENCE RESEARCH,SEED SCI RES,0960-2585,1475-2735,PLANT SCIENCES - SCIE,2084,2.1,2,0.45,14.29
CANADIAN JOURNAL OF PLANT PATHOLOGY,CAN J PLANT PATHOL,0706-0661,1715-2992,PLANT SCIENCES - SCIE,2613,2,3,0.46,16.52
GENETIC RESOURCES AND CROP EVOLUTION,GENET RESOUR CROP EV,0925-9864,1573-5109,PLANT SCIENCES - SCIE,5150,2,3,0.57,9.93
JOURNAL OF PLANT DISEASES AND PROTECTION,J PLANT DIS PROTECT,1861-3829,1861-3837,PLANT SCIENCES - SCIE,1557,2,3,0.54,17.84
PLANT BIOSYSTEMS,PLANT BIOSYST,1126-3504,1724-5575,PLANT SCIENCES - SCIE,2997,2,3,0.48,2.50
PLANT BREEDING,PLANT BREEDING,0179-9541,1439-0523,PLANT SCIENCES - SCIE,4517,2,3,0.45,13.90
SOIL SCIENCE AND PLANT NUTRITION,SOIL SCI PLANT NUTR,0038-0768,1747-0765,PLANT SCIENCES - SCIE,4730,2,3,0.35,4.31
TROPICAL PLANT BIOLOGY,TROP PLANT BIOL,1935-9756,1935-9764,PLANT SCIENCES - SCIE,612,2,3,0.43,10.34
ANNALS OF THE MISSOURI BOTANICAL GARDEN,ANN MO BOT GARD,0026-6493,2162-4372,PLANT SCIENCES - SCIE,2865,1.9,3,0.52,1.96
EUPHYTICA,EUPHYTICA,0014-2336,1573-5060,PLANT SCIENCES - SCIE,13238,1.9,3,0.6,13.54
FLORA,FLORA,0367-2530,1618-0585,PLANT SCIENCES - SCIE,4007,1.9,3,0.36,3.92
JOURNAL OF BRYOLOGY,J BRYOL,0373-6687,1743-2820,PLANT SCIENCES - SCIE,838,1.9,3,0.48,0.99
JOURNAL OF PLANT BIOCHEMISTRY AND BIOTECHNOLOGY,J PLANT BIOCHEM BIOT,0971-7811,0974-1275,PLANT SCIENCES - SCIE,1289,1.9,3,0.35,2.70
PLANT SYSTEMATICS AND EVOLUTION,PLANT SYST EVOL,0378-2697,1615-6110,PLANT SCIENCES - SCIE,5046,1.9,3,0.46,10.20
RECORDS OF NATURAL PRODUCTS,REC NAT PROD,1307-6167,1307-6167,PLANT SCIENCES - SCIE,1372,1.9,3,0.46,95.92
REVIEW OF PALAEOBOTANY AND PALYNOLOGY,REV PALAEOBOT PALYNO,0034-6667,1879-0615,PLANT SCIENCES - SCIE,6107,1.9,3,0.75,12.72
WILLDENOWIA,WILLDENOWIA,0511-9618,N/A,PLANT SCIENCES - SCIE,802,1.9,3,0.43,100.00
AQUATIC BOTANY,AQUAT BOT,0304-3770,1879-1522,PLANT SCIENCES - SCIE,5835,1.8,3,0.6,9.41
COMMUNICATIONS IN SOIL SCIENCE AND PLANT ANALYSIS,COMMUN SOIL SCI PLAN,0010-3624,1532-2416,PLANT SCIENCES - SCIE,9053,1.8,3,0.43,1.30
EUROPEAN JOURNAL OF PLANT PATHOLOGY,EUR J PLANT PATHOL,0929-1873,1573-8469,PLANT SCIENCES - SCIE,8730,1.8,3,0.63,13.19
NOTULAE BOTANICAE HORTI AGROBOTANICI CLUJ-NAPOCA,NOT BOT HORTI AGROBO,0255-965X,1842-4309,PLANT SCIENCES - SCIE,2536,1.8,3,0.4,81.48
TURKISH JOURNAL OF BOTANY,TURK J BOT,1300-008X,1303-6106,PLANT SCIENCES - SCIE,1648,1.8,3,0.4,0.00
JOURNAL OF ASIAN NATURAL PRODUCTS RESEARCH,J ASIAN NAT PROD RES,1028-6020,1477-2213,PLANT SCIENCES - SCIE,3655,1.7,3,0.4,0.21
JOURNAL OF BERRY RESEARCH,J BERRY RES,1878-5093,1878-5123,PLANT SCIENCES - SCIE,664,1.7,3,0.51,5.00
PHYTOCHEMISTRY LETTERS,PHYTOCHEM LETT,1874-3900,1876-7486,PLANT SCIENCES - SCIE,3979,1.7,3,0.49,1.18
PHYTON-INTERNATIONAL JOURNAL OF EXPERIMENTAL BOTANY,PHYTON-INT J EXP BOT,0031-9457,1851-5657,PLANT SCIENCES - SCIE,795,1.7,3,0.39,100.00
PLANT ECOLOGY,PLANT ECOL,1385-0237,1573-5052,PLANT SCIENCES - SCIE,6319,1.7,3,0.52,14.58
WEED RESEARCH,WEED RES,0043-1737,1365-3180,PLANT SCIENCES - SCIE,3111,1.7,3,0.53,14.18
ANNUAL PLANT REVIEWS ONLINE,ANN PLANT REV ONLINE,N/A,2639-3832,PLANT SCIENCES - ESCI,395,1.6,N/A,0.45,0.00
AUSTRALIAN SYSTEMATIC BOTANY,AUST SYST BOT,1030-1887,1446-5701,PLANT SCIENCES - SCIE,868,1.6,3,0.44,32.14
BRADLEYA,BRADLEYA,0265-086X,0265-086X,PLANT SCIENCES - SCIE,325,1.6,3,0.39,0.00
BRAZILIAN JOURNAL OF BOTANY,BRAZ J BOT,0100-8404,1806-9959,PLANT SCIENCES - SCIE,1930,1.6,3,0.38,3.25
PHYCOLOGIA,PHYCOLOGIA,0031-8884,2330-2968,PLANT SCIENCES - SCIE,3177,1.6,3,0.58,3.78
PLANT BIOTECHNOLOGY,PLANT BIOTECHNOL-NAR,1342-4580,N/A,PLANT SCIENCES - SCIE,1519,1.6,3,0.32,100.00
BIOLOGIA PLANTARUM,BIOL PLANTARUM,0006-3134,1573-8264,PLANT SCIENCES - SCIE,4550,1.5,3,0.31,100.00
BOTANY LETTERS,BOT LETT,2381-8107,2381-8115,PLANT SCIENCES - SCIE,418,1.5,3,0.44,5.06
HASELTONIA,HASELTONIA,1070-0048,1938-2898,PLANT SCIENCES - SCIE,185,1.5,3,0.27,0.00
JOURNAL OF PHYTOPATHOLOGY,J PHYTOPATHOL,0931-1785,1439-0434,PLANT SCIENCES - SCIE,3617,1.5,3,0.41,4.45
PALYNOLOGY,PALYNOLOGY,0191-6122,1558-9188,PLANT SCIENCES - SCIE,1064,1.5,3,0.62,4.85
PLANT ECOLOGY & DIVERSITY,PLANT ECOL DIVERS,1755-0874,1755-1668,PLANT SCIENCES - SCIE,1098,1.5,3,0.51,13.16
AUSTRALASIAN PLANT PATHOLOGY,AUSTRALAS PLANT PATH,0815-3191,1448-6032,PLANT SCIENCES - SCIE,2484,1.4,3,0.36,9.87
BOTANICAL SCIENCES,BOT SCI,2007-4298,2007-4476,PLANT SCIENCES - SCIE,885,1.4,3,0.3,87.97
LICHENOLOGIST,LICHENOLOGIST,0024-2829,1096-1135,PLANT SCIENCES - SCIE,1274,1.4,3,0.39,24.00
PHYTOKEYS,PHYTOKEYS,1314-2011,1314-2003,PLANT SCIENCES - SCIE,1567,1.4,3,0.38,97.46
PHYTOPARASITICA,PHYTOPARASITICA,0334-2123,1876-7184,PLANT SCIENCES - SCIE,2088,1.4,3,0.56,4.55
PLANT SPECIES BIOLOGY,PLANT SPEC BIOL,0913-557X,1442-1984,PLANT SCIENCES - SCIE,882,1.4,3,0.38,11.21
RUSSIAN JOURNAL OF PLANT PHYSIOLOGY,RUSS J PLANT PHYSL+,1021-4437,1608-3407,PLANT SCIENCES - SCIE,2926,1.4,3,0.32,4.24
SABRAO JOURNAL OF BREEDING AND GENETICS,SABRAO J BREED GENET,1029-7073,2224-8978,PLANT SCIENCES - ESCI,614,1.4,N/A,0.29,0.00
SEED SCIENCE AND TECHNOLOGY,SEED SCI TECHNOL,0251-0952,1819-5717,PLANT SCIENCES - SCIE,1711,1.4,3,0.43,99.07
WEED BIOLOGY AND MANAGEMENT,WEED BIOL MANAG,1444-6162,1445-6664,PLANT SCIENCES - SCIE,645,1.4,3,0.33,4.65
WEED TECHNOLOGY,WEED TECHNOL,0890-037X,1550-2740,PLANT SCIENCES - SCIE,4031,1.4,3,0.5,39.26
ACTA BIOLOGICA CRACOVIENSIA SERIES BOTANICA,ACTA BIOL CRACOV BOT,0001-5296,1898-0295,PLANT SCIENCES - SCIE,486,1.3,3,0.29,0.00
ACTA BOTANICA CROATICA,ACTA BOT CROAT,0365-0588,1847-8476,PLANT SCIENCES - SCIE,588,1.3,3,0.33,95.06
ANNALI DI BOTANICA,ANN BOT-COENOL PLANT,0365-0812,2239-3129,PLANT SCIENCES - SCIE,149,1.3,3,0.34,0.00
CRYPTOGAMIE ALGOLOGIE,CRYPTOGAMIE ALGOL,0181-1568,1776-0984,PLANT SCIENCES - SCIE,579,1.3,3,0.41,0.00
JOURNAL OF CROP IMPROVEMENT,J CROP IMPROV,1542-7528,1542-7536,PLANT SCIENCES - ESCI,966,1.3,N/A,0.38,9.57
PLANT PROTECTION SCIENCE,PLANT PROTECT SCI,1212-2580,1805-9341,PLANT SCIENCES - SCIE,758,1.3,3,0.39,99.07
ACTA AGROBOTANICA,ACTA AGROBOT,0065-0951,2300-357X,PLANT SCIENCES - ESCI,544,1.2,N/A,0.38,98.31
CANADIAN JOURNAL OF PLANT SCIENCE,CAN J PLANT SCI,0008-4220,1918-1833,PLANT SCIENCES - SCIE,5101,1.2,3,0.37,28.98
EUROPEAN JOURNAL OF TAXONOMY,EUR J TAXON,N/A,2118-9773,PLANT SCIENCES - SCIE,1126,1.2,3,0.56,97.26
FOLIA GEOBOTANICA,FOLIA GEOBOT,1211-9520,1874-9348,PLANT SCIENCES - SCIE,1044,1.2,3,0.37,14.52
JOURNAL OF APPLIED BOTANY AND FOOD QUALITY,J APPL BOT FOOD QUAL,1439-040X,1439-040X,PLANT SCIENCES - SCIE,930,1.2,3,0.33,0.00
JOURNAL OF GENERAL PLANT PATHOLOGY,J GEN PLANT PATHOL,1345-2630,1610-739X,PLANT SCIENCES - SCIE,1637,1.2,3,0.33,3.81
PAKISTAN JOURNAL OF BOTANY,PAK J BOT,0556-3321,2070-3368,PLANT SCIENCES - SCIE,6136,1.2,3,0.34,0.00
TUEXENIA,TUEXENIA,0722-494X,0722-494X,PLANT SCIENCES - SCIE,290,1.2,3,0.27,0.00
ACTA BOTANICA BRASILICA,ACTA BOT BRAS,0102-3306,1677-941X,PLANT SCIENCES - SCIE,1841,1.1,4,0.32,93.95
AUSTRALIAN JOURNAL OF BOTANY,AUST J BOT,0067-1924,1444-9862,PLANT SCIENCES - SCIE,3575,1.1,4,0.35,29.10
BOTANY,BOTANY,1916-2790,1916-2804,PLANT SCIENCES - SCIE,2039,1.1,4,0.33,7.62
EGYPTIAN JOURNAL OF BOTANY,EGYPT J BOT,0375-9237,2357-0350,PLANT SCIENCES - ESCI,440,1.1,N/A,0.28,0.00
INVASIVE PLANT SCIENCE AND MANAGEMENT,INVAS PLANT SCI MANA,1939-7291,1939-747X,PLANT SCIENCES - SCIE,700,1.1,4,0.28,38.82
JOURNAL OF AQUATIC PLANT MANAGEMENT,J AQUAT PLANT MANAGE,0146-6623,0146-6623,PLANT SCIENCES - SCIE,521,1.1,4,0.22,0.00
JOURNAL OF PLANT PROTECTION RESEARCH,J PLANT PROTECT RES,1427-4345,1899-007X,PLANT SCIENCES - ESCI,1015,1.1,N/A,0.29,90.00
PHYTOTAXA,PHYTOTAXA,1179-3155,1179-3163,PLANT SCIENCES - SCIE,8124,1.1,4,0.31,0.00
PLANT ECOLOGY AND EVOLUTION,PLANT ECOL EVOL,2032-3913,2032-3921,PLANT SCIENCES - SCIE,576,1.1,4,0.34,100.00
PLANT GENETIC RESOURCES-CHARACTERIZATION AND UTILIZATION,PLANT GENET RESOUR-C,1479-2621,1479-263X,PLANT SCIENCES - SCIE,1014,1.1,4,0.3,4.58
ACTA SOCIETATIS BOTANICORUM POLONIAE,ACTA SOC BOT POL,0001-6977,2083-9480,PLANT SCIENCES - SCIE,959,1,4,0.29,98.59
ARCHIVES OF PHYTOPATHOLOGY AND PLANT PROTECTION,ARCH PHYTOPATH PLANT,0323-5408,1477-2906,PLANT SCIENCES - ESCI,850,1,N/A,0.25,0.00
COMPARATIVE CYTOGENETICS,COMP CYTOGENET,1993-0771,1993-078X,PLANT SCIENCES - SCIE,410,1,4,0.38,93.67
INDIAN JOURNAL OF GENETICS AND PLANT BREEDING,INDIAN J GENET PL BR,0019-5200,0975-6906,PLANT SCIENCES - SCIE,1016,1,4,0.26,0.00
ISRAEL JOURNAL OF PLANT SCIENCES,ISR J PLANT SCI,0792-9978,2223-8980,PLANT SCIENCES - SCIE,677,1,4,0.2,13.24
KOREAN JOURNAL OF PLANT TAXONOMY,KOREAN J PLANT TAXON,1225-8318,2466-1546,PLANT SCIENCES - ESCI,290,1,N/A,0.25,96.04
MEDITERRANEAN BOTANY,MEDITERR BOT,2603-9109,2603-9109,PLANT SCIENCES - SCIE,86,1,4,0.32,84.85
NOVA HEDWIGIA,NOVA HEDWIGIA,0029-5035,2363-7188,PLANT SCIENCES - SCIE,1964,1,4,0.27,0.00
PHYTOCOENOLOGIA,PHYTOCOENOLOGIA,0340-269X,2363-7153,PLANT SCIENCES - SCIE,583,1,4,0.34,0.00
SYSTEMATIC BOTANY,SYST BOT,0363-6445,1548-2324,PLANT SCIENCES - SCIE,2999,1,4,0.27,2.55
AUSTRALASIAN PLANT DISEASE NOTES,AUSTRALAS PLANT DIS,1833-928X,1833-928X,PLANT SCIENCES - ESCI,465,0.9,N/A,0.22,0.00
BANGLADESH JOURNAL OF PLANT TAXONOMY,BANGL J PLANT TAXON,1028-2092,2224-7297,PLANT SCIENCES - SCIE,349,0.9,4,0.21,84.00
BRITTONIA,BRITTONIA,0007-196X,1938-436X,PLANT SCIENCES - SCIE,1195,0.9,4,0.24,1.41
BRYOLOGIST,BRYOLOGIST,0007-2745,1938-4378,PLANT SCIENCES - SCIE,1529,0.9,4,0.28,0.00
CZECH JOURNAL OF GENETICS AND PLANT BREEDING,CZECH J GENET PLANT,1212-1975,1805-9325,PLANT SCIENCES - SCIE,481,0.9,4,0.33,100.00
GRANA,GRANA,0017-3134,1651-2049,PLANT SCIENCES - SCIE,1219,0.9,4,0.24,6.93
KEW BULLETIN,KEW BULL,0075-5974,1874-933X,PLANT SCIENCES - SCIE,1741,0.9,4,0.25,38.89
NEW ZEALAND JOURNAL OF BOTANY,NEW ZEAL J BOT,0028-825X,1175-8643,PLANT SCIENCES - SCIE,1289,0.9,4,0.28,2.88
NORDIC JOURNAL OF BOTANY,NORD J BOT,0107-055X,1756-1051,PLANT SCIENCES - SCIE,1886,0.9,4,0.25,7.65
PLANT SCIENCE TODAY,PLANT SCI TODAY,2348-1900,2348-1900,PLANT SCIENCES - ESCI,485,0.9,N/A,0.19,95.52
TAIWANIA,TAIWANIA,0372-333X,N/A,PLANT SCIENCES - SCIE,624,0.9,4,0.25,0.00
ACTA AMAZONICA,ACTA AMAZON,0044-5967,1809-4392,PLANT SCIENCES - SCIE,1572,0.8,4,0.35,100.00
ACTA BOTANICA MEXICANA,ACTA BOT MEX,N/A,2448-7589,PLANT SCIENCES - SCIE,647,0.8,4,0.21,93.30
ADANSONIA,ADANSONIA,1280-8571,1639-4798,PLANT SCIENCES - SCIE,344,0.8,4,0.21,98.57
AMERICAN FERN JOURNAL,AM FERN J,0002-8444,1938-422X,PLANT SCIENCES - SCIE,547,0.8,4,0.22,0.00
BOTANICA SERBICA,BOT SERB,1821-2158,1821-2638,PLANT SCIENCES - SCIE,233,0.8,4,0.2,100.00
CRYPTOGAMIE BRYOLOGIE,CRYPTOGAMIE BRYOL,1290-0796,1776-0992,PLANT SCIENCES - SCIE,305,0.8,4,0.27,0.00
INDIAN JOURNAL OF NATURAL PRODUCTS AND RESOURCES,INDIAN J NAT PROD RE,0976-0504,0976-0512,PLANT SCIENCES - ESCI,642,0.8,N/A,0.17,29.80
INDIAN JOURNAL OF TRADITIONAL KNOWLEDGE,INDIAN J TRADIT KNOW,0972-5938,0975-1068,PLANT SCIENCES - SCIE,1755,0.8,4,0.23,0.00
JOURNAL OF PLANT REGISTRATIONS,J PLANT REGIST,1936-5209,1940-3496,PLANT SCIENCES - SCIE,846,0.8,4,0.33,15.61
PLANTA DANINHA,PLANTA DANINHA,0100-8358,1806-9681,PLANT SCIENCES - SCIE,1268,0.8,4,0.19,88.04
ANNALES BOTANICI FENNICI,ANN BOT FENN,0003-3847,1797-2442,PLANT SCIENCES - SCIE,974,0.7,4,0.19,0.00
BLUMEA,BLUMEA,0006-5196,0373-4293,PLANT SCIENCES - SCIE,769,0.7,4,0.23,100.00
HERZOGIA,HERZOGIA,0018-0971,N/A,PLANT SCIENCES - SCIE,404,0.7,4,0.18,0.00
ORNAMENTAL HORTICULTURE-REVISTA BRASILEIRA DE HORTICULTURA ORNAMENTAL,ORNAM HORTIC-REV BRA,N/A,2447-536X,PLANT SCIENCES - ESCI,248,0.7,N/A,0.25,98.73
TELOPEA,TELOPEA,0312-9764,2200-4025,PLANT SCIENCES - SCIE,265,0.7,4,0.2,98.61
ACTA BIOLOGICA COLOMBIANA,ACTA BIOL COLOMB,0120-548X,1900-1649,PLANT SCIENCES - SCIE,420,0.6,4,0.19,98.04
BOLETIN DE LA SOCIEDAD ARGENTINA DE BOTANICA,B SOC ARGENT BOT,1851-2372,1851-2372,PLANT SCIENCES - SCIE,490,0.6,4,0.12,95.69
BOTHALIA,BOTHALIA,0006-8241,2311-9284,PLANT SCIENCES - SCIE,527,0.6,4,0.31,88.57
CALDASIA,CALDASIA,0366-5232,2357-3759,PLANT SCIENCES - SCIE,413,0.6,4,0.23,97.86
CANDOLLEA,CANDOLLEA,0373-2967,N/A,PLANT SCIENCES - SCIE,351,0.6,4,0.17,0.00
JOURNAL OF MEDICINAL PLANTS AND BY-PRODUCTS-JMPB,J MED PLANTS BY-PROD,2322-1399,2588-3739,PLANT SCIENCES - ESCI,174,0.6,N/A,0.14,0.00
MAYDICA,MAYDICA,0025-6153,2279-8013,PLANT SCIENCES - SCIE,725,0.6,4,0.11,0.00
PLANT ROOT,PLANT ROOT,1881-6754,1881-6754,PLANT SCIENCES - ESCI,98,0.6,N/A,0.19,100.00
ACTA PHYTOTAXONOMICA ET GEOBOTANICA,ACTA PHYTOTAX GEOBOT,1346-7565,2189-7042,PLANT SCIENCES - SCIE,233,0.5,4,0.14,0.00
ANALES DEL JARDIN BOTANICO DE MADRID,AN JARDIN BOT MADRID,0211-1322,1988-3196,PLANT SCIENCES - SCIE,250,0.5,4,0.16,92.68
HACQUETIA,HACQUETIA,1581-4661,1854-9829,PLANT SCIENCES - ESCI,140,0.5,N/A,0.21,98.41
NOVON,NOVON,1055-3177,1945-6174,PLANT SCIENCES - SCIE,671,0.5,4,0.16,0.00
PHYTON-ANNALES REI BOTANICAE,PHYTON-ANN REI BOT A,0079-2047,N/A,PLANT SCIENCES - SCIE,343,0.5,4,0.11,0.00
TURCZANINOWIA,TURCZANINOWIA,1560-7259,1560-7267,PLANT SCIENCES - ESCI,317,0.5,N/A,0.15,95.45
CASTANEA,CASTANEA,0008-7475,1938-4386,PLANT SCIENCES - SCIE,381,0.4,4,0.08,0.00
GORTERIA,GORTERIA,0017-2294,0017-2294,PLANT SCIENCES - SCIE,63,0.4,4,0.07,0.00
IHERINGIA SERIE BOTANICA,IHERINGIA SER BOT,N/A,2446-8231,PLANT SCIENCES - SCIE,155,0.4,4,0.07,100.00
SCIENTIFIC PAPERS-SERIES B-HORTICULTURE,SCI PAP-SER B-HORTIC,2285-5653,2286-1580,PLANT SCIENCES - ESCI,285,0.4,N/A,0.07,0.00
WULFENIA,WULFENIA,1561-882X,1561-882X,PLANT SCIENCES - SCIE,187,0.4,4,0.11,0.00
BANGLADESH JOURNAL OF BOTANY,BANGL J BOT,0253-5416,2079-9926,PLANT SCIENCES - SCIE,579,0.3,4,0.08,65.86
GAYANA BOTANICA,GAYANA BOT,0016-5301,0717-6643,PLANT SCIENCES - SCIE,350,0.3,4,0.11,27.78
JOURNAL OF THE TORREY BOTANICAL SOCIETY,J TORREY BOT SOC,1095-5674,1940-0616,PLANT SCIENCES - SCIE,642,0.3,4,0.13,0.00
MODERN PHYTOMORPHOLOGY,MOD PHYTOL,2226-3063,2227-9555,PLANT SCIENCES - ESCI,76,0.3,N/A,0.13,0.00
RHODORA,RHODORA,0035-4902,1938-3401,PLANT SCIENCES - SCIE,380,0.2,4,0.09,0.00
ZEITSCHRIFT FUR ARZNEI- & GEWURZPFLANZEN,Z ARZNEI- GEWURZPFLA,1431-9292,N/A,PLANT SCIENCES - SCIE,68,0.2,4,0.04,0.00
